Persona,Count,Avg_Income,Avg_Spending
Moderate,81,55.2962962962963,49.51851851851852
Elite/VIP,39,86.53846153846153,82.12820512820512
Impulsive,22,25.727272727272727,79.36363636363636
Conservative,35,88.2,17.114285714285714
Frugal,23,26.304347826086957,20.91304347826087
